<?xml version="1.0" encoding="UTF-8"?>
<project-private xmlns="http://www.netbeans.org/ns/project-private/1">
    <editor-bookmarks xmlns="http://www.netbeans.org/ns/editor-bookmarks/2" lastBookmarkId="0"/>
    <open-files xmlns="http://www.netbeans.org/ns/projectui-open-files/2">
        <group>
            <file>file:/C:/Users/nuevo/MPLABXProjects/LAB02_D2.X/LCD.h</file>
            <file>file:/C:/Users/nuevo/MPLABXProjects/LAB02_D2.X/EUSART.h</file>
            <file>file:/C:/Users/nuevo/MPLABXProjects/LAB02_D2.X/ADC.h</file>
            <file>file:/C:/Users/nuevo/MPLABXProjects/LAB02_D2.X/main.c</file>
            <file>file:/C:/Users/nuevo/MPLABXProjects/LAB02_D2.X/ADC.c</file>
            <file>file:/C:/Users/nuevo/MPLABXProjects/LAB02_D2.X/EUSART.c</file>
            <file>file:/C:/Users/nuevo/MPLABXProjects/LAB02_D2.X/LCD.c</file>
        </group>
    </open-files>
</project-private>
