<?xml version="1.0" encoding="UTF-8"?>
<project-private xmlns="http://www.netbeans.org/ns/project-private/1">
    <editor-bookmarks xmlns="http://www.netbeans.org/ns/editor-bookmarks/2" lastBookmarkId="0"/>
    <open-files xmlns="http://www.netbeans.org/ns/projectui-open-files/2">
        <group>
            <file>file:/C:/Users/hp/MPLABXProjects/LAB01_DIG2_2.X/setup_lb.c</file>
            <file>file:/C:/Users/hp/MPLABXProjects/LAB01_DIG2_2.X/adclib.c</file>
            <file>file:/C:/Users/hp/MPLABXProjects/LAB01_DIG2_2.X/main.c</file>
            <file>file:/C:/Users/hp/MPLABXProjects/LAB01_DIG2_2.X/setup_lb.h</file>
            <file>file:/C:/Users/hp/MPLABXProjects/LAB01_DIG2_2.X/displaylib.h</file>
            <file>file:/C:/Users/hp/MPLABXProjects/LAB01_DIG2_2.X/displaylib.c</file>
        </group>
    </open-files>
</project-private>
